2:8748	word	2
2:874C	word	2
2:8752	word	7
2:8399	word	1
2:886F	word	1
2:8873	word	2
2:8879	word	3
2:8CED	word	1
2:8CF5	word	3
2:8CFF	word	2
2:8E15	word	2
2:8E91	word	1
2:8EB0	word	1
2:8EB4	word	4
2:8EC0	word	1
2:8EC4	word	1
2:8F02	word	1
2:8F06	word	2
2:901E	word	1
2:9024	word	1
2:9027	word	1
2:A595	word	5	bank=3
2:A5A9	word	5	bank=3
2:A5B3	word	5	bank=3
2:893E	word	1
2:8945	word	1
2:8973	word	1
2:8978	word	2
2:89CE	word	1
2:89E2	word	1
2:89E7	word	2
2:8A2E	word	1
2:8A35	word	1
2:8A49	word	1
2:8A50	word	1
2:8A55	word	1
2:8A5A	word	2
2:8AA9	word	1
2:8AB4	word	2
2:9F75	word	1
2:A041	word	1
2:A20A	word	1
2:A225	word	1
2:A23F	word	1
2:A30A	word	1
2:A31A	word	1
2:A3C3	word	1
2:A3D3	word	1
7:D969	word	1
7:D971	word	2
7:D979	word	2
7:D98D	word	1
2:9033	word	1
