4:BC0B	word	1
4:BC11	word	1
3:8069	word	1
3:806C	word	1
3:806F	word	1
3:8072	word	1
3:8076	word	1
3:8079	word	1
3:807C	word	1
3:808C	word	1
3:808F	word	1
3:8092	word	1
3:8095	word	1
3:8099	word	1
3:809C	word	1
3:80A1	word	1
3:8119	word	1
3:814B	word	1
3:814E	word	1
3:8381	word	1
3:859A	word	1
3:859D	word	1
3:85A0	word	1
3:85F0	word	1
3:8711	word	1
3:8753	word	1
3:875D	word	1
3:8767	word	1
3:876E	word	1
3:8777	word	1
3:877F	word	1
3:8788	word	1
3:87BB	word	1
3:87FD	word	1
3:8807	word	1
3:8811	word	1
3:8818	word	1
3:8821	word	1
3:8829	word	1
3:8832	word	1
3:8952	word	1
3:8959	word	1
3:8973	word	1
3:8988	word	1
3:8A3B	word	1
3:8A40	word	1
3:8A5A	word	1
3:8A71	word	1
3:8A7A	word	1
3:8A7F	word	1
3:8B1C	word	1
3:8B20	word	1
3:8B27	word	1
3:8B33	word	1
3:8B3E	word	1
3:8B49	word	1
3:8B51	word	1
3:8BA3	word	1
3:8BAD	word	1
3:8BB6	word	1
3:8BBF	word	1
3:8BC7	word	1
3:8BCB	word	1
3:8BCF	word	1
3:8BDA	word	1
3:8BE6	word	1
3:8BF1	word	1
3:8BFC	word	1
3:8C04	word	1
3:8C08	word	1
3:8C0C	word	1
3:8E2E	word	1
3:8E36	word	1
3:8E9A	word	1
3:8E9D	word	1
3:8EAC	word	1
3:8EAF	word	1
3:8F6B	word	1
3:8F70	word	1
3:8F7D	word	1
3:8F83	word	1
3:8F8E	word	1
3:8F91	word	1
3:8F94	word	1
3:8F97	word	1
3:8FC8	word	1
3:8FCB	word	1
3:91F4	word	1
3:94B4	word	1
3:94B7	word	1
3:94BA	word	1
3:94BD	word	1
3:805B	word	1
3:8116	word	1
3:837E	word	1
3:8597	word	1
3:85CE	word	1
3:870E	word	1
3:8749	word	1
3:87B8	word	1
3:87F3	word	1
jp:4:BBF9	word	2
jp:4:BBE7	word	1
jp:4:BBEB	word	1
jp:4:BBEF	word	5
