1:94F3	RLE CHR bytes inside ENEMY_VS_CHR, not a pointer
1:B81C	RLE CHR bytes inside ENDING_SPR_CHR, not a pointer
1:B9E7	RLE CHR bytes inside ENDING_SPR_CHR, not a pointer
1:BA05	RLE CHR bytes inside ENDING_SPR_CHR, not a pointer
1:BB56	RLE CHR bytes inside ENDING_SPR_CHR, not a pointer
1:BCD0	RLE CHR bytes inside ENDING_SPR_CHR, not a pointer
1:820B	RLE CHR bytes inside PLAY_BG_CHR, not a pointer
1:8C47	RLE CHR bytes inside ENDING_EXTRA_BG_CHR, not a pointer
1:977C	RLE CHR bytes inside AREA0_INTRO_SPR, not a pointer
1:9A1A	RLE CHR bytes inside AREA1_INTRO_SPR, not a pointer
1:9AA9	RLE CHR bytes inside AREA1_INTRO_SPR, not a pointer
1:9AEA	RLE CHR bytes inside AREA1_INTRO_SPR, not a pointer
1:9E63	RLE CHR bytes inside AREA1_INTRO_SPR, not a pointer
1:9E7E	RLE CHR bytes inside AREA2_INTRO_SPR, not a pointer
1:9F7E	RLE CHR bytes inside AREA2_INTRO_SPR, not a pointer
1:9FD3	RLE CHR bytes inside AREA2_INTRO_SPR, not a pointer
1:A063	RLE CHR bytes inside AREA2_INTRO_SPR, not a pointer
1:A0BA	RLE CHR bytes inside AREA2_INTRO_SPR, not a pointer
1:A0C4	RLE CHR bytes inside AREA2_INTRO_SPR, not a pointer
1:A0CF	RLE CHR bytes inside AREA2_INTRO_SPR, not a pointer
1:A0DA	RLE CHR bytes inside AREA2_INTRO_SPR, not a pointer
1:A0FB	RLE CHR bytes inside AREA3_INTRO_SPR, not a pointer
1:A174	RLE CHR bytes inside AREA3_INTRO_SPR, not a pointer
1:A19D	RLE CHR bytes inside AREA3_INTRO_SPR, not a pointer
1:A1FD	RLE CHR bytes inside AREA3_INTRO_SPR, not a pointer
1:A2F5	RLE CHR bytes inside AREA3_INTRO_SPR, not a pointer
1:A356	RLE CHR bytes inside AREA3_INTRO_SPR, not a pointer
1:A35D	RLE CHR bytes inside AREA3_INTRO_SPR, not a pointer
1:A363	RLE CHR bytes inside AREA3_INTRO_SPR, not a pointer
1:A375	RLE CHR bytes inside AREA3_INTRO_SPR, not a pointer
1:A37C	RLE CHR bytes inside AREA3_INTRO_SPR, not a pointer
1:A3C4	RLE CHR bytes inside AREA3_INTRO_SPR, not a pointer
1:A3CA	RLE CHR bytes inside AREA3_INTRO_SPR, not a pointer
1:A3DC	RLE CHR bytes inside AREA3_INTRO_SPR, not a pointer
1:A3E7	RLE CHR bytes inside AREA3_INTRO_SPR, not a pointer
1:A3FE	RLE CHR bytes inside AREA3_INTRO_SPR, not a pointer
1:A405	RLE CHR bytes inside AREA3_INTRO_SPR, not a pointer
1:A40C	RLE CHR bytes inside AREA3_INTRO_SPR, not a pointer
1:A415	RLE CHR bytes inside AREA3_INTRO_SPR, not a pointer
1:A473	RLE CHR bytes inside AREA4_INTRO_SPR, not a pointer
1:A564	RLE CHR bytes inside AREA4_INTRO_SPR, not a pointer
1:A5C5	RLE CHR bytes inside AREA4_INTRO_SPR, not a pointer
1:A5EC	RLE CHR bytes inside AREA5_INTRO_SPR, not a pointer
1:A715	RLE CHR bytes inside AREA5_INTRO_SPR, not a pointer
1:A741	RLE CHR bytes inside AREA5_INTRO_SPR, not a pointer
1:A836	RLE CHR bytes inside INTRO_BG_CHR, not a pointer
1:A88E	RLE CHR bytes inside INTRO_BG_CHR, not a pointer
1:A89C	RLE CHR bytes inside INTRO_BG_CHR, not a pointer
1:A978	RLE CHR bytes inside INTRO_BG_CHR, not a pointer
1:A97D	RLE CHR bytes inside INTRO_BG_CHR, not a pointer
1:A984	RLE CHR bytes inside INTRO_BG_CHR, not a pointer
1:A9C4	RLE CHR bytes inside INTRO_BG_CHR, not a pointer
1:AA36	RLE CHR bytes inside INTRO_BG_CHR, not a pointer
1:AAA8	RLE CHR byte just before TITLE_SPR_CHR, not a pointer
1:AB3F	RLE CHR bytes inside TITLE_SPR_CHR, not a pointer
1:AEA2	RLE CHR bytes inside TITLE_SPR_CHR, not a pointer
1:AF41	RLE CHR bytes inside TITLE_SPR_US_ONLY, not a pointer
1:AF44	RLE CHR bytes inside TITLE_SPR_US_ONLY, not a pointer
1:AF89	RLE CHR bytes inside TITLE_SPR_US_ONLY, not a pointer
1:AF8F	RLE CHR bytes inside TITLE_SPR_US_ONLY, not a pointer
1:AFB2	RLE CHR bytes inside TITLE_SPR_US_ONLY, not a pointer
1:AFFA	RLE CHR bytes inside TITLE_SPR_US_ONLY, not a pointer
1:B152	RLE CHR bytes inside TITLE_SPR_US_ONLY, not a pointer
1:B15A	RLE CHR bytes inside TITLE_SPR_US_ONLY, not a pointer
1:B17E	RLE CHR bytes inside TITLE_SPR_US_ONLY, not a pointer
1:B186	RLE CHR bytes inside TITLE_SPR_US_ONLY, not a pointer
1:B28A	RLE CHR bytes inside TITLE_SPR_US_ONLY, not a pointer
1:B291	RLE CHR bytes inside TITLE_SPR_US_ONLY, not a pointer
1:B36D	RLE CHR bytes inside TITLE_SPR_US_ONLY, not a pointer
1:B373	RLE CHR bytes inside TITLE_SPR_US_ONLY, not a pointer
1:B3A8	RLE CHR bytes inside TITLE_SPR_US_ONLY, not a pointer
1:B3B0	RLE CHR bytes inside TITLE_SPR_US_ONLY, not a pointer
1:B46D	RLE CHR bytes inside TITLE_SPR_US_ONLY, not a pointer
1:B5D0	RLE CHR bytes inside TITLE_BG_CHR, not a pointer
1:B725	RLE CHR bytes inside ENDING_SPR_CHR, not a pointer
1:B728	RLE CHR bytes inside ENDING_SPR_CHR, not a pointer
1:B73F	RLE CHR bytes inside ENDING_SPR_CHR, not a pointer
1:BA13	RLE CHR bytes inside ENDING_SPR_CHR, not a pointer
1:BB42	RLE CHR bytes inside ENDING_SPR_CHR, not a pointer
6:8318	RLE CHR bytes inside PLAY_SPR_CHR, not a pointer
6:8351	RLE CHR bytes inside PLAY_SPR_CHR, not a pointer
6:836F	RLE CHR bytes inside PLAY_SPR_CHR, not a pointer
6:83E0	RLE CHR bytes inside PLAY_SPR_CHR, not a pointer
6:83FE	RLE CHR bytes inside PLAY_SPR_CHR, not a pointer
6:84AF	RLE CHR bytes inside PLAY_SPR_CHR, not a pointer
6:8574	RLE CHR bytes inside PLAY_SPR_CHR, not a pointer
6:8587	RLE CHR bytes inside PLAY_SPR_CHR, not a pointer
6:859F	RLE CHR bytes inside PLAY_SPR_CHR, not a pointer
6:85DC	RLE CHR bytes inside AREA0_SPR_CHR, not a pointer
6:88D3	RLE CHR bytes inside AREA0_SPR_CHR, not a pointer
6:895E	RLE CHR bytes inside AREA0_SPR_CHR, not a pointer
6:8965	RLE CHR bytes inside AREA0_SPR_CHR, not a pointer
6:8979	RLE CHR bytes inside AREA0_SPR_CHR, not a pointer
6:8DF9	RLE CHR bytes inside AREA1_SPR_CHR, not a pointer
6:8DFF	RLE CHR bytes inside AREA1_SPR_CHR, not a pointer
6:92D9	RLE CHR bytes inside AREA2_SPR_CHR, not a pointer
6:92F2	RLE CHR bytes inside AREA3_SPR_CHR, not a pointer
6:96B6	RLE CHR bytes inside AREA4_SPR_CHR, not a pointer
6:9D0E	RLE CHR bytes inside AREA5_SPR_CHR, not a pointer
6:9FF9	RLE CHR bytes inside AREA5_SPR_CHR, not a pointer
6:A0BD	RLE CHR bytes inside AREA5_SPR_CHR, not a pointer
6:A0C4	RLE CHR bytes inside AREA5_SPR_CHR, not a pointer
6:A0D8	RLE CHR bytes inside AREA5_SPR_CHR, not a pointer
6:A168	RLE CHR bytes inside VS_BATTLE_SPR_CHR, not a pointer
6:A16B	RLE CHR bytes inside VS_BATTLE_SPR_CHR, not a pointer
6:A1E2	RLE CHR bytes inside VS_BATTLE_SPR_CHR, not a pointer
6:A1E5	RLE CHR bytes inside VS_BATTLE_SPR_CHR, not a pointer
6:A718	RLE CHR bytes inside UI_SPR_CHR, not a pointer
6:A84A	RLE CHR bytes inside UI_SPR_CHR, not a pointer
6:AAD3	RLE CHR bytes inside UI_SPR_CHR, not a pointer
6:AC12	RLE CHR bytes inside UI_SPR_CHR, not a pointer
6:AF4E	RLE CHR bytes inside UI_SPR_CHR, not a pointer
6:B001	RLE CHR bytes inside UI_SPR_CHR, not a pointer
6:A545	RLE CHR bytes inside UI_SPR_CHR, not a pointer
