7:CF16	QUEUE_TILE_Y2
7:CF84	UPDATE_BLASTS
7:CF76	CLEAR_BOMB_RAM
7:CF18	QUEUE_MAP_TILE
7:CFA8	CLEAR_BLAST_RAM
7:CFE6	FIND_BLAST
7:D031	FIND_ACTOR_CELL
7:D04B	FIND_FREE_BOMB
7:D059	FIND_BOMB_CELL
7:D07C	RUN_GAME_OVER
7:D083	RUN_MODE_MENU
7:D094	DRAW_INLINE_STR
7:D165	MAP_ROW_PTR
7:D0BC	UPDATE_ENEMIES
7:D0FC	STEP_ENEMY_GEN
7:D09B	RESET_ENEMY_RAM
7:D0F5	LOAD_ENEMIES
7:D138	FILL_MAP_FF
7:D18A	PEEK_MAP_BYTE
7:D19B	MAYBE_AREA_CARD
7:D1A9	RUN_OPENING
7:D1B7	RESET_MARKS
7:D1A2	RUN_ENDING
7:D1C5	MIX_STAGE_BYTES
7:D1CC	SHOW_VS_RESULT
7:D1D3	SET_WIN_COUNT
7:D269	CLEAR_DEMO_FLAG
7:D1DA	SETUP_BY_MODE
7:D1F8	LOAD_MODE_GFX
7:D263	RESET_DEMO_IDX
7:D26F	START_DEMO
7:C78D	ATTR_QUAD_MASK
7:CB72	SPR_PAL_STORY
7:CAFF	AREA_BGM_ID
7:CC06	AREA5_CHR_IDX
7:CB82	SPR_PAL_OTHER
7:C791	ATTR_PAL_BYTE
7:CCB2	PAUSE_TEXT
7:CC1C	ENEMY_CHR_PTR
7:CDF1	PLAYER_SPAWN_X
7:CC0E	AREA_CHR_PTR
7:CDF4	PLAYER_SPAWN_Y
7:CE5C	MODE_BYTE_93
7:CE59	MODE_BYTE_90
7:D17D	MAP_ROW_HI
7:D2D7	DEMO_AREA
7:CE94	BLAST_TYPE_TAB
7:D170	MAP_ROW_LO
7:D25D	MODE_PAL_PTR
7:D2D8	DEMO_STAGE
7:D2DA	DEMO_BYTE_93
7:D2D9	DEMO_BYTE_90
7:D2DC	DEMO_RNG_2
7:D2DD	DEMO_RNG_3
7:D2DB	DEMO_RNG_1
7:D2F7	DEMO_PAD_LOCK
ram:0010	PPU_ENABLED	1 after PPU_ON, 0 after PPU_OFF
ram:0011	NMI_CNT	incremented by NMI; WAIT_NMI clears it
7:C000	SWITCH_BANK
7:C0AC	PPU_WARMUP
7:C0CA	CLEAR_LOW_RAM
7:C0F3	INIT_MAPPER
7:C104	MMC1_RESET
7:C220	RESET_VIDEO
7:C25A	CLEAR_SCROLL
7:C26C	WAIT_VBLANK
7:C277	WAIT_NMI
7:C280	WAIT_FRAME
7:C287	APPLY_SCROLL
7:C29E	PPU_ON
7:C2BE	NMI_ON
7:C2C8	PPU_OFF
7:C2E7	NMI_OFF
7:C2F1	SET_TOP_SPLIT
7:C30B	SET_LOW_SPLIT
7:C316	OAM_DMA
7:C321	CLEAR_OAM
7:C35A	MARK_OAM
7:C35F	PPU_BUS_FIX
7:C370	READ_JOYPADS
7:C399	READ_JOY_STD
7:C430	READ_JOY_PROBE
7:C47D	READ_JOY_ALT
7:C4AC	FILL_NAMETABLE
7:C4C8	CLEAR_ATTRS
7:C4E1	PPU_FILL
7:C4E8	COPY_PAL_ROWS
7:C50F	MARK_PALETTE
7:C51F	FADE_PALETTE
7:C556	FILL_PAL_BLACK
7:C564	UPLOAD_PALETTE
7:C583	SET_PPU_ADDR
7:C58A	UPLOAD_CHR_RLE
7:C5AC	UPLOAD_CHR_RAW
7:C5E0	DECODE_CHR
7:C609	DRAIN_PPU_Q
7:C6BA	QUEUE_TILE
7:C795	XY_TO_NT_ADDR
7:C7C4	XY_TO_ATTR
7:C802	QUEUE_PPU_RUN
7:C839	PPU_Q_HAS_ROOM
7:C849	WAIT_PPU_Q
7:C8A1	NEXT_RNG
7:C8E6	START_AUDIO
7:C8F3	AUDIO_CMD_80
7:C8F5	AUDIO_CALL
7:C91F	AUDIO_CMD_85
7:C946	GAME_LOOP
7:C94C	MENU_LOOP
7:C970	RESUME_MODE
7:C979	STAGE_BOOT
7:C990	NEW_AREA
7:C9A4	STAGE_SETUP
7:C9F8	STAGE_LOOP
7:CA31	STAGE_WON
7:CA5B	ALL_CLEAR
7:CA64	STAGE_LOST
7:CAD9	DEMO_EXIT
7:CAEE	PLAY_AREA_BGM
7:CB05	PREP_STAGE_B4
7:CB0E	LOAD_STAGE_GFX
7:CB59	MIRROR_BG_COLOR
7:CB92	LOAD_AREA_CHR
7:CC2A	UPDATE_PAUSE
7:CCB7	ENTER_Z49_1
7:CCC0	ENTER_W0550
7:CCDA	DRAW_METASPRITE
7:CD90	BIND_AREA_PTRS
7:CD97	LOAD_STAGE_META
7:CD9E	LOAD_4_TILES
7:CDA5	RESET_PLAYERS
7:CDAE	INIT_PLAYERS
7:CE2C	CLEAR_ROUND_FLAGS
7:CE5F	UPDATE_PLAYERS
7:CE66	NOTE_BLAST_TYPE
7:CEE4	KILL_PLAYERS
7:D004	FREE_RING_SLOT
7:D075	SHOW_FRONT
ram:0013	OAM_INDEX	next free byte in the page-7 OAM buffer
ram:0014	FRAME_CNT	incremented once per NMI
ram:0015	PAL_DIRTY	1 = upload PAL_BUF on the next NMI
ram:0018	PPU_CTRL_BUF	shadow of PPU control register
ram:0019	PPU_MASK_BUF	shadow of PPU mask register
ram:001A	SAVED_BANK	PRG bank saved by BANK_SAVE_SWITCH
ram:001B	MMC1_GUARD	nonzero while an MMC1 shift is in progress
ram:0031	SPLIT_MODE	0 off, 1 top sprite-0 split, 80h low split
ram:0032	SPRITE0_Y	Y of sprite 0, used for the split
ram:0045	JOY_PROBE_1	US extra byte shifted from pad port 1
ram:0046	JOY_PROBE_2	US extra byte shifted from pad port 2
ram:0048	JOY_SIG_OK	US 1 when probe matched 10h and 20h
ram:0100	CUR_BANK	PRG bank mapped at 8000h
ram:03D8	RNG_1	RNG state; demo records overwrite it
ram:03D9	RNG_2	RNG state; demo records overwrite it
ram:03DA	RNG_3	RNG state; NEXT_RNG returns this byte
ram:0400	PAL_BUF	32 palette bytes uploaded by NMI
ram:0420	ATTR_BUF	128 cached attribute bytes
ram:04A0	SPLIT_SCROLL_X	scroll X used while SPLIT_MODE is set
ram:04A1	SPLIT_CTRL_BIT	ORed into PPU CTRL during a split
ram:04A2	SCROLL_X	scroll X; sprites subtract it
ram:04A3	SCROLL_NT	bit 0 is ORed into PPU CTRL
ram:04A4	SCROLL_Y	scroll Y for normal and split paths
ram:04A5	PPU_Q_WR	write index of the PPU queue
ram:04A6	PPU_Q_RD	read index of the PPU queue
ram:04A7	PPU_Q_HI	nametable high byte of a 2x2 record
ram:04B5	JOYPAD1	held buttons, pad port 1 bit 0
ram:04B6	JOYPAD2	held buttons, pad port 2 bit 0
ram:04B7	JOYPAD3	held buttons, pad port 1 bit 1
ram:04B9	JOYPAD2_NEW	JOYPAD2 bits newly pressed this read
ram:04BA	JOYPAD3_NEW	JOYPAD3 bits newly pressed this read
ram:04BB	JOYPAD1_OLD	JOYPAD1 from the previous frame
ram:04BC	JOYPAD2_OLD	JOYPAD2 from the previous frame
ram:04BD	JOYPAD3_OLD	JOYPAD3 from the previous frame
ram:04BE	JOYPAD1_2ND	second sample of JOYPAD1
ram:04BF	JOYPAD2_2ND	second sample of JOYPAD2
ram:04C0	JOYPAD3_2ND	second sample of JOYPAD3
ram:04C3	JOY_NEW	OR of the three newly-pressed bytes
ram:04C4	JOY_HELD	OR of the three held-button bytes
ram:04C5	SND_RET_A	A returned by the bank-2 sound call
ram:04C6	SND_RET_X	X returned by the bank-2 sound call
ram:04C7	SND_NMI_LOCK	1 while NMI is inside the sound tick
ram:0600	PPU_QUEUE	256-byte ring drained by NMI
ram:04B8	JOYPAD1_NEW	JOYPAD1 bits newly pressed this read
ram:0012	OAM_READY	1 = NMI should DMA the page-7 OAM buffer, then clear it
7:D13F	COPY_LAYOUT_CELL
