2:8000	SND_INIT
2:806D	SND_REQUEST
2:80A7	SND_FRAME
2:80C2	SND_RUN_BGM
2:81C8	SND_LOAD_PITCH_ENV
2:81F7	SND_UPDATE_VOLUME
2:82EE	SND_ADD_PITCH
2:833B	SND_STEP_PITCH_ENV
2:83AE	SND_SKIP_ENV_WORD
2:83DA	SND_START_NOISE
2:841D	SND_UPDATE_NOISE
2:84C1	SND_STEP_VIBRATO
2:8501	SND_LOAD_DETUNE
2:851F	SND_STEP_DETUNE
2:8564	SND_APPLY_PITCH_MOD
2:85B2	SND_COMMIT_NOTE
2:8621	SND_FLUSH_APU
2:86A7	SND_FLUSH_TONE
2:86E0	SND_FLUSH_SFX_HW
2:8719	SND_RUN_CMD
2:8760	SND_STOP_BGM
2:8772	SND_STOP_DMC
2:87A8	SND_SET_FADE
2:882D	SND_RUN_SFX
2:8B70	SND_LOAD_SFX_PATCH
2:8BDC	SND_CLEAR_SFX_SLOPE
2:8BE8	SND_UPDATE_SFX_SLOPE
2:8C0A	SND_STEP_SFX_SLOPE
2:8CA0	SND_MARK_CHANNEL_DIRTY
2:8CAA	SND_STOP_SFX_HW
2:8CC2	SND_SILENCE_SFX_CH
7:D800	SND_RESET_ENTRY
7:D803	SND_REQUEST_ENTRY
7:D806	SND_FRAME_ENTRY
7:D809	SND_STREAM_DONE
7:D80A	SND_TICK_CHANNEL
7:D90E	SND_QUIET_CHANNEL
7:D93F	SND_EXEC_CMD
7:D98F	SND_CMD_END
7:D999	SND_CMD_OCTAVE_UP
7:D99D	SND_CMD_OCTAVE_DOWN
7:D9A1	SND_CMD_SET_OCTAVE
7:D9A8	SND_STREAM_ADVANCE
7:D9AF	SND_CMD_SET_DURATION
7:D9B9	SND_CMD_SET_TRANSPOSE
7:D9C3	SND_CMD_REST
7:D9C9	SND_CMD_LOOP_PUSH
7:D9F2	SND_CMD_LOOP_POP
7:DA47	SND_CMD_SET_DUTY
7:DA51	SND_CMD_SET_PITCH_ENV
7:DA5B	SND_CMD_SET_TEMPO
7:DA7D	SND_CMD_CALL
7:DAB4	SND_CMD_RETURN
7:DAE8	SND_CMD_SET_VOLUME
7:DAF2	SND_CMD_SET_VIBRATO
7:DB0E	SND_CMD_SET_DETUNE
7:DB1C	SND_CMD_SET_DETUNE_TBL
7:DB2A	SND_CMD_VOLUME_REL
7:DB49	SND_CMD_SET_LOOP
7:DB54	SND_CMD_GOTO_LOOP
7:DB6D	SND_LOAD_DURATION
7:DBA0	SND_SCALE_GATE
7:DC3F	SND_MUL_DURATION
7:DC61	SND_NOTE_PERIOD
7:DC84	SND_JUMP_Z04
7:DC87	SND_JUMP_Z0A
7:DD4A	SND_DMC_IDLE
7:DD55	SND_DMC_SERVICE
7:DB00	SND_CMD_SET_VIB_LEN
2:8766	SND_CMD_SILENCE
2:8885	SFX_NOP
2:8886	SFX_STOP
2:889C	SFX02_ON
2:88A8	SFX02_TICK
2:88CA	SFX04_ON
2:88EA	SFX04_TICK
2:89F4	SFX07_ON
2:8A0A	SFX07_TICK
2:8A63	SFX01_ON
2:8A6D	SFX01_TICK
2:8B02	SFX0B_ON
2:8B31	SFX0B_TICK
2:88B6	SFX03_PROG
2:892D	SFX05_PROG
2:897D	SFX06_PROG
2:8A1D	SFX08_PROG
2:8A92	SFX09_PROG
2:8AB9	SFX0A_PROG
2:82EA	SND_DUTY_MASK
2:8399	SND_PENV_CMDS
2:8746	SND_CMD_VECTORS
2:8809	SND_SFX_PRIORITY
2:8869	SND_SFX_PROGS
2:8881	SFX00_PROG
2:8898	SFX02_PROG
2:88C6	SFX04_PROG
2:89F0	SFX07_PROG
2:8A5F	SFX01_PROG
2:8AFE	SFX0B_PROG
2:8B60	SFX0B_VOL
2:8B90	SND_SFX_PATCH
2:8C8C	SND_SLOPE_RATE
2:8C9C	SND_SLOPE_LO
2:8C9D	SND_SLOPE_HI
2:8C9E	SND_SLOPE_SUB_LO
2:8C9F	SND_SLOPE_SUB_HI
2:8CDB	SND_PITCH_ENVS
2:8E11	SND_VIBRATO_PTRS
2:8E8D	SND_DETUNE_PTRS
2:8EAC	SND_DMC_PTRS
2:8EC6	DMC_SILENCE
2:8EFA	SND_NOISE_PTRS
2:9002	SND_BGM_TABLE
2:9038	BGM_SILENCE_HDR
2:9042	SND_REST_STREAM
2:9048	BGM_INTRO_HDR
2:9406	BGM_BATTLE_HDR
2:9410	BGM_AREA_A_HDR
2:9C3E	BGM_AREA_B_HDR
2:9F3D	BGM_AREA_C_HDR
2:A445	BGM_CARD_HDR
2:A515	BGM_CLEAR_HDR
2:A58B	BGM_TITLE_HDR
2:A595	BGM_ITEM_HDR
2:A59F	BGM_EXIT_HDR
2:A5A9	BGM_CREDITS_HDR
2:A5B3	BGM_AREA6_HDR
2:A5BD	BGM_MODE_HDR
2:A5C7	BGM_WIN_HDR
2:A5D1	BGM_LOSE_HDR
2:A5DB	BGM_SCENE_HDR
2:A5E5	BGM_STING_HDR
7:D957	SND_STREAM_CMDS
7:DC7C	SND_OCTAVE_BASE
7:DC8A	SND_PERIOD_LO
7:DCEA	SND_PERIOD_HI
7:DD9C	SND_DMC_FRAMES
7:E000	DPCM_SAMPLES
