5:8000	DRAW_LIVES
5:802F	UPLOAD_LEVEL_CHR
5:8062	CHOOSE_LEVEL_CHR
5:80CB	LEVEL_CHR_PICK
5:815B	LEVEL_CHR_OFF
5:8168	UPDATE_ACTORS
5:81BC	LOAD_ACTOR_PAD
5:81F2	LOAD_ACTOR_WORK
5:8239	STORE_ACTOR_WORK
5:8280	SET_ACTOR_FLASH
5:8291	CLR_ACTOR_FLASH
5:8298	FLASH_DRAW_MASK
5:82A8	ACTOR_HIT_TEST
5:82CA	CHECK_ACTORS_LEFT
5:82F4	MOVE_ACTOR
5:8337	DEATH_FRAME_IDX
5:8341	DEATH_FRAME_TIME
5:834B	ACTOR_XY_TO_CELL
5:835F	ANIM_ACTOR_WALK
5:8380	APPLY_ACTOR_SPEED
5:83DE	STEP_ACTOR_EAST
5:841E	STEP_ACTOR_WEST
5:8462	STEP_ACTOR_NORTH
5:849E	STEP_ACTOR_SOUTH
5:84BE	CELL_EAST_OF
5:84DD	CELL_WEST_OF
5:84FC	CELL_NORTH_OF
5:8515	CELL_SOUTH_OF
5:852E	PEEK_CELL_28
5:8538	ACTOR_SPEED_LO
5:8539	ACTOR_SPEED_HI
5:8546	BIAS_CELL_X
5:8562	BIAS_CELL_Y
5:857E	SLIDE_ACTOR_X
5:85A6	SLIDE_ACTOR_Y
5:85CC	SUBPIX_BIAS
5:85EC	BIAS_DELTA
5:85EF	KNOCK_STEP
5:8603	SETUP_KNOCKBACK
5:8630	TICK_ACTOR_A6
5:8648	ROLL_ACTOR_A6
5:865E	A6_TIME_TAB
5:8662	SHARE_ACTOR_A6
5:86E4	QUEUE_A6_ATTR
5:8703	QUEUE_A6_CLEAR
5:8722	A6_ATTR_XY
5:872C	TICK_TIMED_POWERS
5:8788	CELL_BLOCKS_MOVE
5:87A6	HANDLE_ACTOR_BTN
5:87C7	FACE_FRAME_ADD
5:87CB	FACE_ATTR
5:87CF	DRAW_ACTOR
5:8842	ACTOR_FR_PTR
5:8848	ACTOR0_FRAMES
5:886E	ACTOR1_FRAMES
5:88BA	ACTOR_SPRITES
5:8F6E	FOLLOW_ACTOR_SCROLL
5:8FC1	TOUCH_MAP_CELL
5:9004	PICK_UP_ITEM
5:9041	DISPATCH_ITEM
5:9064	PLAY_ITEM_SND
5:9074	INC_FIRE
5:9080	INC_BOMBS
5:908C	GIVE_REMOTE
5:9091	INC_SPEED
5:909A	START_POWER_18
5:90A9	START_POWER_10
5:90B8	GIVE_BOMB_PASS
5:90BD	GIVE_WALL_PASS
5:90C2	SET_CLEAR_FLAG
5:90C7	SPAWN_RAND_EXTRA
5:90D3	EXTRA_SPAWN_IDX
5:90E3	ROLL_LIFE_OR_MOB
5:910C	LIFE_ROLL_TAB
5:9114	MARK_PWR_STAGE
5:9121	UPDATE_ROUND
5:91B1	ROUND_OAM_PTRS
5:91BD	ROUND_SPR_X
5:9254	FILL_MAP_RAM
5:9280	INIT_PASS_BYTES
5:9295	RUN_PASS_SCREEN
5:92F6	LOAD_PASS_CHR
5:9324	LOAD_PASS_PAL
5:9348	PASS_SPR_PAL
5:9358	PASS_CHR_BYTES
5:9365	BIND_PASS_LAYOUT
5:9388	SAVE_PASS_BYTES
5:9394	LOAD_PASS_BYTES
5:93A0	CLEAR_PASS_POS
5:93AF	EDIT_PASS_INPUT
5:94A3	PASS_CUR_XY
5:94BB	PASS_CUR_ROWY
5:94BE	PASS_KEY_MAP
5:94D6	DRAW_PASS_CURSOR
5:9508	PASS_CURSOR_SPR
5:950D	DRAW_PASS_SLOT
5:9531	DRAW_PASS_LINE
5:954C	MAP_PASS_TILES
5:9562	MAKE_STAGE_CODE
5:95E2	ADD_PASS_NIBBLE
5:95E8	XOR_PASS_BYTES
5:9609	PASS_GLYPHS
5:9619	TRY_PASS_ENTRY
5:9659	COPY_PASS_ENTRY
5:966C	XOR_PASS_ENTRY
5:967D	TEST_PASS_SUM
5:969A	APPLY_PASS_STAGE
5:96C6	MATCH_PASS_WORD
5:9703	PASS_WORDS
5:973B	PASS_GLYPH_US
5:974B	APPLY_PASS_WORD
5:97A5	CLEAR_PASS_REPEAT
5:97B0	POLL_PASS_KEYS
5:97E0	INIT_STAGE_CLOCK
5:9834	STAGE_TIME_TAB
5:9895	TICK_STAGE_CLOCK
5:98F5	DRAW_STAGE_CLOCK
5:9933	CLOCK_HUD_COL
5:9936	CLEAR_SCORE_RAM
5:9942	DRAW_MODE_HUD
5:99A0	DRAW_LIVES_HUD
5:99CD	LIVES_TEXT
5:99D2	DRAW_SCORE_PAIR
5:99ED	SERVICE_DEMO_PAD
5:9B92	DEMO_REC_B
5:9C92	DEMO_REC_C
5:9E92	RUN_BONUS_STAGE
5:9F16	BONUS_FRAME
5:9F5E	SHOW_BONUS_CARD
5:9F91	DRAW_BONUS_TEXT
5:9F9C	LOAD_BONUS_PAL
5:9FC0	RUN_MODE1_MENU
5:9FF3	INIT_MODE1_SEL
5:8728	A6_ATTR_ON
5:872A	A6_ATTR_OFF
5:9040	ITEM_RETURN
5:9A92	DEMO_REC_A
5:9D92	DEMO_REC_D
5:9044	ITEM_HANDLERS
5:8894	ACTOR2_FRAMES
5:9A8A	DEMO_PAD_PTR
5:91BF	ROUND_SPR_SLOT0
5:91E0	ROUND_SPR_SLOT1
5:9201	ROUND_SPR_SLOT2
5:9222	ROUND_SPR_TIME_POS
5:9237	ROUND_SPR_TIME_NEG
