5:A00B	SND_ROOM_INPUT
5:A08F	DRAW_SND_CURSOR
5:A0B6	DRAW_SND_PARAMS
5:A0C2	DRAW_SND_VALUE
5:A10D	DRAW_SND_ROOM_TEXT
5:A139	QUEUE_XY_BYTES
5:A18E	RUN_TITLE
5:A237	LOAD_TITLE_CHR
5:A265	DRAW_TITLE_MAP
5:A292	LOAD_TITLE_PAL
5:A2A7	DRAW_TITLE_BANNER
5:A319	BLINK_START_TEXT
5:A37E	RESET_TITLE_FRAME
5:A387	DRAW_TITLE_ACTORS
5:A3E1	DRAW_TITLE_LOGO
5:A416	TITLE_SPRITE_Y
5:A42F	TITLE_SPRITE_X
5:A521	STEP_TITLE_SCROLL
5:A80F	MODE_MENU_LOOP
5:A892	LOAD_MENU_CHR
5:A8C0	MODE_MENU_INPUT
5:A8F8	DRAW_MODE_CURSOR
5:A93F	MODE_TO_AREA
5:A97C	LOAD_MODE_PAL
5:A9AE	DRAW_MODE_MENU
5:A9E8	DRAW_TOP_SCORE
5:AA6A	GAME_OVER_LOOP
5:AAAE	DRAW_GAME_OVER_MAP
5:AAD1	LOAD_GAME_OVER_PAL
5:AB05	DRAW_OVER_CURSOR
5:AB0B	GAME_OVER_INPUT
5:AB65	PPU_WRITE_TEXT
5:AC54	SEED_DEFAULT_SCORE
5:AC7F	CLEAR_TOP_SCORE
5:AC8A	CLEAR_STAGE_SCORE
5:AC95	DRAW_HUD_SCORE
5:ACC2	SAVE_TOP_SCORE
5:ACE4	SHOW_AREA_INTRO
5:AD47	DRAW_AREA_INTRO
5:ADA7	LOAD_AREA_INTRO
5:AE22	RESET_INTRO_ANIM
5:AE31	DRAW_INTRO_SPRITE
5:B07D	ENDING_LOOP
5:B0DE	LOAD_ENDING_CHR
5:B14A	DRAW_ENDING_MAP
5:B16D	SCROLL_ENDING
5:B186	OPENING_LOOP
5:B1E6	DRAW_OPENING_MAP
5:B209	VS_RESULT_LOOP
5:B24C	DRAW_VS_RESULT_MAP
5:B26F	DRAW_VS_RESULT_MARK
5:B2A1	DRAW_VS_RESULT_SPR
5:B4B8	VS_RESULT_INPUT
5:B4F9	BATTLE_WIN_MENU
5:B537	WIN_COUNT_INPUT
5:B572	DRAW_WIN_MENU_MAP
5:B595	DRAW_WIN_CURSOR
5:B5DA	SHOW_BATTLE_CARD
5:B60B	DRAW_BATTLE_CARD_MAP
5:B62E	DRAW_BATTLE_DIGITS
5:B681	DRAW_BATTLE_MARK
5:B6E8	DRAW_WIN_COUNT_TILE
5:B6F5	SHOW_VS_CARD
5:B734	DRAW_VS_CARD_MAP
5:B757	DRAW_VS_CARD_DIGITS
5:B77F	DRAW_VS_CARD_SPRS
5:B858	DRAW_VS_OUTCOME
5:B8B7	QUEUE_TILE_SPAN
5:B8F6	SHOW_STAGE_CARD
5:B921	DRAW_STAGE_CARD_MAP
5:B944	DRAW_STAGE_CARD
5:B964	DRAW_CARD_SCORE
5:B9A4	DRAW_CARD_LIVES
5:B9C9	DETONATE_REMOTE
5:B9E0	PLACE_BOMB
5:BA56	STEP_BLASTS
5:BA7B	STEP_BOMB
5:BBC9	ALLOC_BOMB_SLOT
5:BC41	FIND_FREE_FLAME
5:BC4F	SPREAD_FLAME
5:BD05	BLAST_CELL
5:BD4D	SPAWN_FLAME
5:BDBF	BLAST_CONTENTS
5:BDEC	FIND_BOMB_SLOT
5:BE05	CLEAR_FLAME_HERE
5:BE40	OPEN_BURIED
jp:5:A251	JP_TITLE_MAP_A
jp:5:A268	JP_TITLE_PAL
jp:5:A27D	JP_DRAW_BANNER
jp:5:A297	JP_DRAW_BANNER2
5:A02D	SND_CUR_UP
5:A038	SND_CUR_DOWN
5:A04D	SND_PLAY_PARAM
5:A056	SND_PARAM_DOWN
5:A070	SND_PARAM_UP
5:A1FE	TITLE_LOOP
5:A231	TITLE_START_EXIT
5:A53C	TITLE_SCROLL_ON
5:A5A5	TITLE_DRAW_ROW
5:A855	MODE_MENU_WAIT
5:AA98	GAME_OVER_WAIT
5:AD21	AREA_INTRO_WAIT
5:AE52	INTRO_AREA5_FRAME
5:AE76	DRAW_INTRO_META
5:B0C2	ENDING_WAIT
5:B1C9	OPENING_WAIT
5:B233	VS_RESULT_WAIT
5:B51E	WIN_MENU_WAIT
5:B6A4	DRAW_MARK_2X2
5:B8D0	QUEUE_STRING_TILES
5:BACE	DETONATE_BOMB
5:BB16	STEP_FLAMES
5:BC76	FLAME_UP
5:BC9F	FLAME_DOWN
5:BCC6	FLAME_LEFT
5:BCEF	FLAME_RIGHT
5:A085	SND_PARAM_MIN
5:A088	SND_PARAM_MAX
5:A08B	SND_CURSOR_X
5:A08C	SND_CURSOR_Y
5:A0FA	SND_VALUE_ROW
5:A0FD	SND_HEX_GLYPH
5:A2DF	TITLE_BANNER_TOP
5:A2EA	TITLE_LOGO_TILES
5:A2FC	TITLE_BANNER_BOT
5:A362	START_TEXT_ON
5:A36D	START_TEXT_OFF
5:A410	TITLE_ACTOR_PTR
5:A43F	TITLE_LOGO_PTR
5:A443	TITLE_LOGO_A
5:A4D0	TITLE_LOGO_B
5:A585	TITLE_SHAKE
5:A5EF	TITLE_MAP_ROWS
5:A88E	MODE_ID_VALUE
5:A91D	MODE_CURSOR_X
5:A91E	MODE_CURSOR_Y
5:A922	MENU_CURSOR_SPR
5:A98E	MODE_MENU_PAL
5:AA12	TOP_SCORE_LABEL
5:AA18	MODE_TEXT_0
5:AA32	MODE_TEXT_1
5:AA40	MODE_TEXT_2
5:AA4E	MODE_TEXT_3
5:AA5C	MODE_TEXT_4
5:AAF5	GAME_OVER_PAL
5:AB45	OVER_CURSOR_X
5:AB46	OVER_CURSOR_Y
5:AB90	TITLE_BOMBER_SPR
5:ABE9	TITLE_ACTOR_0
5:AC0A	TITLE_ACTOR_1
5:AC33	TITLE_ACTOR_2
5:AC77	DEFAULT_TOP_NAME
5:AD77	AREA_INTRO_MAP
5:AD83	AREA_INTRO_TILE
5:AD8F	AREA_INTRO_LAY
5:AD9B	AREA_INTRO_ATTR
5:AE0A	AREA_INTRO_CHR
5:AE16	AREA_INTRO_PAL
5:AE43	INTRO_DRAW_PTR
5:AE6F	AREA5_FRAME_DLY
5:AEAA	INTRO_SPR_XY
5:AEB6	INTRO_FRAME_PTR
5:AED4	INTRO_META_0
5:AF05	INTRO_META_1
5:AF46	INTRO_META_2
5:AFA9	INTRO_META_3
5:B3DD	VS_RESULT_SPR_3
5:B41E	VS_RESULT_SPR_4
5:B477	VS_RESULT_SPR_5
5:B4F2	VS_CURSOR_Y
5:B5B7	WIN_CURSOR_Y
5:B66D	BATTLE_TILE_LEFT
5:B677	BATTLE_TILE_RIGHT
5:B6D9	MARK_TILE_2X2
5:B773	SCORE_DIGIT_TILE
5:B7E4	VS_CARD_SPR_A
5:B7E8	VS_CARD_SPR_B
5:BB6D	BOMB_ANIM_TILE
5:BB71	FLAME_TILE_BASE
5:BB81	FLAME_ANIM_TILE
5:BC26	BOMB_SLOT_LIMIT
5:BC3E	BOMB_SLOT_BASE
5:BE37	KICK_DIR_MASK
5:BE88	BURIED_REVEAL_TILE
jp:5:A532	JP_TITLE_SHAKE
5:B2DE	VS_RESULT_SPR_PTR
