0:8000	SPAWN_STAGE_ENEMIES
0:8021	SPAWN_ENEMY_ON_EMPTY
0:8090	SPAWN_PARADE
0:80B6	SPAWN_TYPE_10
0:8179	SPAWN_BURST
0:81A6	SPAWN_TYPE_4
0:81C0	PLACE_ENEMY
0:8210	FIND_FREE_ENEMY
0:821E	NOTE_ENEMIES_CLEARED
0:824F	DISPATCH_ENEMY_AI
0:829C	DISPATCH_ENEMY_DRAW
0:82FE	ENEMY_BLAST_OR_PLAYER
0:83BE	DRAW_ALL_ENEMIES
0:8413	ENEMY_PIX_TO_CELL
0:842C	ENEMY_LOAD_DRAW_POS
0:8442	ENEMY_MOVE_1
0:846E	ENEMY_MOVE_SPEED
0:84B7	ENEMY_DIR_BLOCKED
0:84DB	ENEMY_BLOCK_RIGHT
0:850B	ENEMY_BLOCK_LEFT
0:8537	ENEMY_BLOCK_DOWN
0:8563	ENEMY_BLOCK_UP
0:857F	ENEMY_AIM_PLAYER
0:85AD	ENEMY_STRAFE_AXIS
0:85CC	ENEMY_AT_ODD_CENTER
0:85DD	ENEMY_AT_CELL_CENTER
0:85EE	ENEMY_SET_NOBLAST
0:85F7	ENEMY_CLR_NOBLAST
0:8600	ENEMY_CLR_VIS_BITS
0:8609	ENEMY_SET_FLICKER
0:8614	ENEMY_SET_NODRAW
0:86F3	ENEMY_ON_BLAST_LINE
0:8E81	ENEMY_CMP_PLAYER_AXIS
0:AD3C	LOAD_SPAWN_LIST
0:AF4F	ADD_SCORE
0:B008	SHOW_CREDITS
0:B052	LOAD_CREDITS_GFX
0:B07E	TICK_CREDITS
0:8631	ENEMY_TRY_FOUR_DIRS
0:8658	ENEMY_RANDOM_OPEN_DIR
0:8692	ENEMY_REVERSE_IF_OPEN
0:86A2	ENEMY_PICK_TURN
0:8711	ENEMY_DEATH_STEP
0:8741	ENEMY_AI_00
0:87FE	ENEMY_AI_01
0:8870	ENEMY_AI_02
0:888F	ENEMY_AI_03
0:890E	ENEMY_AI_04
0:89DE	ENEMY_AI_05
0:8A6B	ENEMY_AI_06
0:8BFD	ENEMY_AI_07
0:8CA2	ENEMY_AI_08
0:8E12	ENEMY_AI_09
0:8EA4	ENEMY_AI_10
0:8EBB	ENEMY_AI_11
0:8FCB	ENEMY_AI_12
0:9077	ENEMY_AI_13
0:90D4	ENEMY_AI_14
0:916A	ENEMY_AI_15
0:924B	ENEMY_AI_17
0:93C9	ENEMY_AI_20
0:93D4	ENEMY_AI_21
0:94F3	ENEMY_AI_23
0:9522	ENEMY_AI_24
0:9611	ENEMY_AI_25
0:95E4	ENEMY_AI_26
0:981D	DRAW_ENEMY_WALK
0:9684	RUN_ENEMY_SCRIPT
0:96B6	ENEMY_SCRIPT_STEP
0:8056	SPAWN_ROW_PICK
0:8080	FIXED_SPAWN_COL
0:8088	FIXED_SPAWN_ROW
0:80F7	PARADE_SPAWN_COL
0:8138	PARADE_SPAWN_ROW
0:8266	ENEMY_AI_LO
0:82C7	ENEMY_DRAW_LO
0:83E7	ENEMY_ORDER_BASE
0:83EB	ENEMY_DRAW_ORDER
0:86D3	ENEMY_TURN_DELTAS
0:AD28	ENEMY_SCORE_INDEX
0:AD5A	AREA_SPAWN_PTRS
0:ADDE	SPAWN_LIST_0_0
0:AF8F	SCORE_ADD_TABLE
0:AF9A	ITEM_SPRITE_PTRS
0:955B	ENEMY_SCRIPT_20
0:958B	ENEMY_SCRIPT_21
0:95C2	ENEMY_SCRIPT_26
0:95D3	ENEMY_SCRIPT_25
0:9664	ENEMY_SCRIPT_OPS
0:986A	ENEMY_DIR_FLIP
0:87EF	DRAW_ENEMY_00
0:8861	DRAW_ENEMY_01
0:8880	DRAW_ENEMY_02
0:88FF	DRAW_ENEMY_03
0:89CF	DRAW_ENEMY_04
0:8A5C	DRAW_ENEMY_05
0:8BB1	DRAW_ENEMY_06
0:8C93	DRAW_ENEMY_07
0:8E72	DRAW_ENEMY_09
0:8EAC	DRAW_ENEMY_10
0:8FBC	DRAW_ENEMY_11
0:9068	DRAW_ENEMY_12
0:90C5	DRAW_ENEMY_13
0:915B	DRAW_ENEMY_14
0:9177	DRAW_ENEMY_15
0:925B	DRAW_ENEMY_17
0:9280	DRAW_ENEMY_FRAME
0:93BE	DRAW_ENEMY_18
0:93DF	DRAW_ENEMY_20
0:93E2	DRAW_ENEMY_21
0:9503	DRAW_ENEMY_23
0:9532	DRAW_ENEMY_24
0:961C	DRAW_ENEMY_25
0:95EF	DRAW_ENEMY_26
0:8E03	DRAW_ENEMY_08
0:9186	ENEMY_AI_16
0:921E	DRAW_ENEMY_16
0:9275	ENEMY_AI_18
0:93B3	ENEMY_AI_19
0:93E5	ENEMY_AI_22
0:94A8	DRAW_ENEMY_22
0:80E9	ARM_TYPE10_TIMER
0:81A2	BURST_TYPE_LIST
0:AAEA	ENEMY_DEATH_FRAMES
0:AAF6	ENEMY_WALK_02
0:AB18	ENEMY_WALK_03
0:AB3A	ENEMY_WALK_00
0:AB5C	ENEMY_WALK_04
0:AB7E	ENEMY_WALK_01
0:ABA0	ENEMY_WALK_07
0:ABC2	ENEMY_WALK_08
0:ABE4	ENEMY_WALK_09
0:AC06	ENEMY_WALK_10
0:AC28	ENEMY_WALK_11
0:AC4A	ENEMY_WALK_05
0:AC6C	ENEMY_WALK_12
0:AC8E	ENEMY_WALK_13
0:ACB0	ENEMY_WALK_14
0:ACD2	ENEMY_WALK_15
0:ACF4	ENEMY_WALK_06
0:92D5	ENEMY_FRAME_PTRS_19
0:931D	ENEMY_FRAME_PTRS_18
us:0:AACA	ENEMY_WALK_PTR_LIST
0:9654	ENEMY_PHASE_ANIM
