1:8000	PLAY_BG_CHR
1:89FE	ENDING_EXTRA_BG_CHR
1:8F22	AREA1_BG_CHR
1:900C	AREA2_BG_CHR
1:8D9C	AREA0_BG_CHR
1:926F	AREA4_BG_CHR
1:94ED	VS_BATTLE_BG_CHR
1:9132	AREA3_BG_CHR
1:977A	AREA0_INTRO_SPR
1:95BA	CARD_BG_CHR
1:9AE8	AREA1_INTRO_SPR
1:A471	AREA4_INTRO_SPR
1:9E7C	AREA2_INTRO_SPR
1:A817	INTRO_BG_CHR
1:A0F9	AREA3_INTRO_SPR
1:A5EA	AREA5_INTRO_SPR
1:AAA9	TITLE_SPR_CHR
1:B529	TITLE_BG_CHR
1:B724	ENDING_SPR_CHR
6:8000	PLAY_SPR_CHR
6:89A4	AREA1_SPR_CHR
6:85D1	AREA0_SPR_CHR
6:8E93	AREA2_SPR_CHR
6:A149	VS_BATTLE_SPR_CHR
6:A246	LEVEL_OBJ_TILES
6:92DC	AREA3_SPR_CHR
6:A486	UI_SPR_CHR
6:9731	AREA4_SPR_CHR
6:9D03	AREA5_SPR_CHR
