jp:0:A683	JP_WALK_01
jp:0:A6C7	JP_WALK_08
jp:0:A6E9	JP_WALK_09
jp:0:A70B	JP_WALK_10
jp:0:A72D	JP_WALK_11
jp:0:A74F	JP_WALK_05
jp:0:A771	JP_WALK_12
jp:0:A793	JP_WALK_13
jp:0:A7B5	JP_WALK_14
jp:0:A7D7	JP_WALK_15
jp:0:A7F9	JP_WALK_06
jp:0:A247	JP_DEATH_0
jp:0:A258	JP_DEATH_1
jp:0:A269	JP_DEATH_2
jp:0:A27A	JP_DEATH_3
jp:0:A28B	JP_DEATH_4
jp:0:9DF6	JP_SPR_9DF6
jp:0:9FB0	JP_SPR_9FB0
jp:0:9FC1	JP_SPR_9FC1
jp:0:9FD2	JP_SPR_9FD2
jp:0:A049	JP_SPR_A049
jp:0:A05A	JP_SPR_A05A
jp:0:A07C	JP_SPR_A07C
jp:0:A08D	JP_SPR_A08D
jp:0:A09E	JP_SPR_A09E
jp:0:A0AF	JP_SPR_A0AF
jp:0:A0C0	JP_SPR_A0C0
jp:0:A0E2	JP_SPR_A0E2
jp:0:A0F3	JP_SPR_A0F3
jp:0:A104	JP_SPR_A104
jp:0:A126	JP_SPR_A126
jp:0:A137	JP_SPR_A137
jp:0:A148	JP_SPR_A148
jp:0:A16A	JP_SPR_A16A
jp:0:A1BF	JP_SPR_A1BF
jp:0:A1D0	JP_SPR_A1D0
jp:0:A1E1	JP_SPR_A1E1
jp:0:A1F2	JP_SPR_A1F2
jp:0:A203	JP_SPR_A203
jp:0:A214	JP_SPR_A214
jp:0:A2F1	JP_SPR_A2F1
jp:0:A883	JP_SPAWN_0
jp:0:A8A3	JP_SPAWN_2
jp:0:A8B3	JP_SPAWN_3
jp:0:A8C3	JP_SPAWN_4
jp:0:A8D3	JP_SPAWN_5
jp:5:9609	JP_PASS_GLYPHS
jp:5:A14E	JP_SND_ROOM_TEXT
jp:5:A2B1	JP_TITLE_Q1
jp:5:A2B2	JP_TITLE_Q2
jp:5:A2B3	JP_TITLE_Q3
jp:5:A2B4	JP_TITLE_Q4
jp:5:A533	JP_TITLE_DY
jp:5:AE60	JP_INTRO_LO
jp:5:AE62	JP_INTRO_NEXT
